x,y,z,label
-6.078240583089416,0.8727362987572956,6.140576294867099,1
6.083899710139468,8.395966196406091,10.36851407166084,1
4.948321132102062,5.063811725747451,7.080118023043486,0
5.533161210668968,4.170951257277705,6.929120245300853,0
2.1442307291477487,7.256494695191748,7.566666417991972,0
0.5352238595707499,-1.7837373069683204,1.862305925492481,1
-2.695313024631559,4.50689968168004,5.251367159271591,1
12.320335323210244,-1.663640671302626,12.432150367476831,0
6.881398390854999,-5.417255998147898,8.757871109072749,1
-1.5592300655442066,-4.055999658536351,4.345380492815789,0
1.5688614520455753,-1.7027285167391182,2.3152992587203816,1
-4.94298638553041,10.319523570484899,11.442276046719567,1
9.716930225259446,-6.948285650684814,11.945601972528346,0
4.052608599406149,9.79838989707949,10.603399503704937,1
0.45341293028460616,1.0833724517977537,1.1744271602204834,0
6.452799636731072,-5.8215722410341435,8.690760985631577,1
-12.320335323210243,1.6636406713026273,12.432150367476831,1
-7.3874294967258995,-7.009918102931604,10.183961232197621,0
4.037618217223814,6.039294815828773,7.264670862506705,0
0.5610736172375467,0.6460188001743666,0.8556540738749236,0
-2.3758871233068946,-7.148631133531049,7.5331113562713865,1
-6.330975732153759,-0.37219138741952257,6.341906665190611,1
-3.3555470590619936,-6.575401495020589,7.382113578528753,1
4.145381019792516,-7.273650911786698,8.371987899286017,1
-2.5434883756804845,10.932182647670958,11.224168145535764,1
4.128812230910555,5.956917601310928,7.247893331646412,0
-8.301941253059415,8.354338534930392,11.77782666392542,1
-10.677983182176733,5.6482545988755675,12.079822219410687,1
2.137313718421701,-7.834000711096961,8.120324936381628,1
7.74933160150605,-4.394974922837084,8.908868886815382,1
-4.430766370840829,3.4580376359935383,5.620472838198028,1
-7.060117418266158,-7.409150567520822,10.234293824778499,0
8.005610142576291,-4.022125979316878,8.95920147939626,1
-0.8253789440775011,4.811987818057684,4.882261480345153,1
-3.147749799348582,-1.9275817550173089,3.6910567892643766,0
4.708242195884914,-3.190776609293939,5.687582961639198,0
4.874193351934645,5.158310350393367,7.096895553903779,0
4.477145099674408,5.614162380952638,7.180783208205241,0
-5.640105335157776,1.9140081529726978,5.95602345540388,1
0.37157893058571967,1.219749805327778,1.2750923453822391,0
2.568641893606487,10.443138403258695,10.75439728144757,1
3.457512743945802,6.503366875744965,7.36533604766846,0
9.029075525005881,3.8906046142891935,9.831633084131475,1
0.641160918673292,-1.8019708036435755,1.9126385180733587,1
-4.063865280854681,3.760156177289299,5.536585183896565,1
5.591405793755828,-2.0027040225059176,5.939245924543588,0
6.0461785886292185,-0.9719237503286315,6.123798764006806,0
2.356509184659443,-4.617725140821279,5.18425703583042,0
12.05571525754081,-2.6719509094844622,12.34826271317537,0
2.180347174249167,3.5438076923906476,4.16082765335257,1
-5.681228160763332,-8.733613936872322,10.418846664241718,0
-8.66313280083084,2.8188402898963325,9.110199257138893,0
-6.323231672971118,-1.6824660807453196,6.543237035514122,1
8.84256683138507,-2.392562559729403,9.16053184971977,1
-9.216290823253143,1.2051555909961376,9.294752096602112,0
4.398105423760672,-10.508712782438213,11.391943454138689,0
0.5595904838037391,0.6022501774357866,0.8220990121543384,0
-2.9498947185971436,7.673512867501206,8.220990121543384,0
2.9466220707684205,-4.4074299348773485,5.3016997518524684,0
2.192028441890836,-1.3677435499804822,2.5837397524850636,1
-3.407841307126283,-10.111695868075818,10.670509627146107,0
-9.391367915420675,0.2758161990787622,9.395417281763867,0
-2.408844576824962,7.789943955392255,8.153879998102214,0
0.485601301804308,1.0137948375696304,1.1240945676396057,0
-0.5326342787310832,-0.8739041286317463,1.0234293824778498,1
-3.352625030692001,7.56139437172572,8.271322714124262,0
2.4415238055198123,-4.592354741414441,5.201034566690712,0
-5.153952950796391,2.6711593174656563,5.805025677661247,1
3.8833981455692372,-7.378934952252862,8.338432837565433,1
-3.082477597233513,0.16824495431759948,3.0870656782938424,0
2.1006067211301325,-4.6845097493908625,5.133924443249542,0
0.23966855146111601,-1.6944422569080198,1.7113081477498473,1
-0.5368312927722709,-0.45645663406213094,0.7046562961322901,1
0.6589180868292297,-4.803725729978803,4.848706418624567,0
8.893883469101677,-7.823130085506074,11.84493678736659,0
9.310194030321632,2.772324228086141,9.714190368109428,1
-0.25310342245916045,-10.969585618445748,10.972505182631373,0
-6.881398390855,5.417255998147897,8.757871109072749,0
0.9223740246986247,7.679245729930351,7.734441726594898,0
2.997642084226875,-0.3664334703018605,3.0199555548526718,1
-0.24970398048005277,4.758271301531468,4.764818764323104,1
0.4300854337265629,0.22749914356582146,0.486548394948486,0
-2.5499622231650956,-3.1162894387832187,4.026607406470229,0
-0.5579907176285084,-0.580679814763746,0.8053214812940458,1
-0.48560130180430794,-1.0137948375696304,1.1240945676396057,1
0.5038368409333297,0.967173640918953,1.0905395059190204,0
-7.974878339533727,-6.17042742780473,10.083296047035866,0
2.847453747566924,-0.6436329839568532,2.919290369690916,1
-0.0669590559160663,-0.004500388774122421,0.06711012344117048,1
2.9004030816521547,-0.5540380002765694,2.952845431411501,1
-5.437095111110552,2.262144333172815,5.88891333196271,1
-2.2304636497502166,-3.4925897733445885,4.144050122492278,0
-0.30192674710979056,-4.637558018365057,4.647376048301056,0
0.619077986297031,10.921418048708537,10.938950120910789,1
-2.946622070768416,4.407429934877352,5.3016997518524684,1
-1.4581714036786093,7.903041208693144,8.036437282080165,0
4.6411834549399735,5.435281622463913,7.1472281464846565,0
-0.9763677967308626,1.818048593111876,2.0636362958159924,0
-5.159877432357907,-4.77425890389157,7.029785430462608,1
6.259722540992013,2.1242794711865964,6.6103471589552925,0
2.743729749045706,2.8314282806285807,3.942719752168766,1
10.096565331114729,-6.477793961289164,11.995934565109224,0
-6.360911172694851,-1.0225170414416191,6.442571850352366,1
-4.35907704689725,3.5213418460428554,5.603695307337735,1
-3.883398145569238,7.378934952252861,8.338432837565433,0
0.5460353319968763,0.4967911282159204,0.7382113578528753,0
0.5432380059553695,0.8274923804968176,0.9898743207572647,0
-5.642519243131653,-3.9636846231623117,6.895565183580267,1
0.3575078180552874,0.145237776162599,0.3858832097867303,0
1.0149161261145168,-1.8160580792415657,2.080413826676285,1
-1.7296798625543595,7.88244784328299,8.06999234380075,0
9.427623625210693,1.9653608169865981,9.630302713807964,1
12.471124164367348,-0.8381974091802975,12.499260490918003,0
-2.877599838001696,-2.59610653992063,3.875609628727595,0
-1.0149161261145172,1.8160580792415655,2.080413826676285,0
4.5600231412703796,5.525320469991699,7.164005677344949,0
-0.47551768951224105,-1.0370496960592106,1.1408720984998981,1
-2.672895986809531,0.8945808932452934,2.8186251845291603,0
-0.6771904974939235,1.8066707835094569,1.9294160489336514,0
-4.6403199615048605,3.259672512478985,5.6708054307789055,1
2.70731311697042,2.889303449102293,3.9594972830290587,1
1.8741681727498578,10.6579789910805,10.82150740488874,1
-3.4763329422676543,10.760447725198848,11.308055799837227,1
5.416218486414254,4.375319958406534,6.9626753070214376,0
-1.688465985752518,1.6568936812142778,2.3656318513012593,0
2.0014401230595587,-7.852497563663355,8.103547405521336,1
8.663132800830839,-2.8188402898963334,9.110199257138893,1
-0.19726378008154538,-0.040260639370754636,0.20133037032351145,1
-1.5456215161449571,-7.492798658840061,7.650554072293435,1
0.7951325384412298,7.710328412166125,7.75121925745519,0
3.3526250306920002,-7.56139437172572,8.271322714124262,1
0.33914467958424677,1.2639378633566778,1.3086474071028245,0
1.8570404832555496,3.8355862467501476,4.261492838514326,1
-12.27410426510649,1.8675778863250807,12.41537283661654,1
-9.464836572490169,-1.480775533177214,9.579970121227086,0
0.2437354936442523,0.06266782297007535,0.25166296290438933,0
-3.4860655728121483,7.519305319839523,8.288100244984555,0
5.382998485716256,-2.3463388863003622,5.872135801102417,0
2.1291375127968566,3.5943230971579894,4.1776051842128625,1
-0.5290733816528319,-4.566496456869988,4.597043455720178,0
-3.2521354318702635,-6.6458411643200055,7.398891109389046,1
-0.7498490137480339,-4.484451597416347,4.5467108631393005,0
-10.99425097245332,5.1251440289606816,12.130154811991565,1
-2.669723644257669,-2.946750253900447,3.976274813889351,0
-9.077559259100424,-3.732198739228438,9.814855553271183,0
9.428889402375162,0.03954860265609655,9.428972343484453,1
7.028297929666242,-9.283135171204608,11.64360641704308,0
2.023477204995316,3.6931572695722825,4.211160245933447,1
3.4387059753842224,-4.166635108518329,5.402364937014224,0
-0.46134618311279607,-0.2745922324060886,0.5368809875293639,1
7.280761130053415,7.144619561548088,10.200738763057913,1
-1.9080011115421303,-7.3568266459825,7.600221479712557,1
3.147749799348583,1.9275817550173073,3.6910567892643766,1
-10.218091713135305,6.3163164615627,12.012712095969517,1
-7.284584056435673,4.98147858360809,8.824981232513919,0
-3.6617938390679976,10.71648803705025,11.324833330697519,1
-5.091176564605745,-4.8717523290800635,7.046562961322901,1
-2.874275495491065,0.5991953710325,2.9360679005512087,0
5.777675200943269,-1.6415791932064219,6.006356047984759,0
0.5416954520840965,0.4764795944430046,0.7214338269925827,0
5.354925004738238,4.476331099220043,6.97945283788173,0
5.032180734977938,-2.826133422395938,5.771470615940662,0
0.3783166641223706,4.615118539254643,4.630598517440763,1
0.8009862960580296,10.892762507297109,10.922172590050495,1
-0.20913693434960834,1.6815753787050232,1.6945306168895546,0
-0.3994686465069124,1.7501864952514583,1.7951958020513104,0
-12.224502985902207,2.070432878310446,12.398595305756247,1
-1.7584454055375494,4.751891950282441,5.066814319808372,1
3.2348310588746894,1.5578125340843316,3.5903916041026207,1
6.348337652247926,0.5874702412554835,6.375461726911196,0
-2.374165278285957,-3.334945643647772,4.093717529911399,0
-5.3276115963412485,2.4293569419546186,5.8553582702421245,1
-4.275376531720599,7.217516259353391,8.38876543014631,0
7.994149768624847,-8.603573963368376,11.744271602204835,0
-1.1710099912684495,1.800165191497032,2.1475239501174554,0
-2.5910433466986236,-3.0602663294005628,4.009829875609936,0
-6.012504068622471,1.070281816579447,6.107021233146514,1
4.942986385530411,-10.319523570484897,11.442276046719567,0
-1.865548668966705,7.868645065666765,8.086769874661043,0
9.25188237224863,-1.0522625970665345,9.311529627462404,1
-0.45403903019953357,-4.591425993660995,4.613820986580471,0
-9.206379646106242,-3.253994846586096,9.764522960690305,0
-3.2876210014123983,-0.8895424901558032,3.405838764639402,0
0.46134618311279607,0.2745922324060886,0.5368809875293639,0
9.475879699583844,1.1583369144542077,9.5464150595065,1
-0.5195083740566648,-0.9205037558654908,1.056984444198435,1
2.230463649750217,3.492589773344588,4.144050122492278,1
6.354266216953394,0.6957180267032022,6.392239257771489,0
-3.519019380154019,4.121117286516065,5.419142467874517,1
8.233914045993462,5.732627247747837,10.032963454454988,1
-9.339236443246007,-2.6112216285083867,9.697412837249134,0
1.5289144517866604,-1.7162816588668728,2.298521727860089,1
9.409689108338975,2.126948079167755,9.647080244668256,1
9.388981846463698,2.2884857422362823,9.66385777552855,1
3.1981681384816523,0.20148103444694995,3.2045083943158907,1
-2.511500529993103,1.082198894418327,2.7347375302276973,0
2.373562774378005,-1.2175531764672936,2.6676274067865267,1
1.3316851750250134,-4.801684365765663,4.982926665506908,0
-0.08359266283093518,-0.007028887894636703,0.08388765430146311,1
5.924515109494374,3.3272791746231265,6.7948999984185114,0
3.1814581716164194,1.8043399871534544,3.6575017275437913,1
-7.593343113770753,-6.735865629761967,10.150406170477035,0
5.091176564605749,4.871752329080059,7.046562961322901,0
0.5383333484171252,7.766138577599596,7.784774319175776,0
-3.6570094898726646,-6.354627763833856,7.3317809859478755,1
3.169586671454478,0.09308796718908031,3.1709533325953054,1
-3.2110621161608743,-0.2564431669875925,3.221285925176183,0
3.4763329422676565,-10.760447725198848,11.308055799837227,0
5.437095111110553,-2.262144333172814,5.88891333196271,0
0.43278209751872193,-1.7595303393946005,1.811973332911603,1
0.519508374056665,0.9205037558654908,1.056984444198435,0
-4.87419335193465,-5.158310350393361,7.096895553903779,1
-0.2437354936442523,-0.06266782297007528,0.25166296290438933,1
-6.353122442528893,9.67745326343736,11.576496293601908,1
-1.4332614122100353,-4.137733475594154,4.378935554536374,0
4.905845586362771,-2.975962699720143,5.737915554220076,0
0.24801822258655917,-7.881538120051944,7.885439504337532,1
-0.38101881930890047,7.893025955278694,7.9022170351978245,0
9.12327378600362,3.5732629848459943,9.798078022410891,1
-3.2680672536061497,-0.5958989892445065,3.321951110337939,0
1.7296798625543583,-7.88244784328299,8.06999234380075,1
2.641693128693715,-0.9337064250513384,2.8018476536688675,1
12.402598262242156,-1.2527442647842388,12.465705429197417,0
-9.47173001790031,-1.3194631440296256,9.563192590366794,0
-3.181458171616419,-1.804339987153455,3.6575017275437913,0
1.9080011115421294,7.356826645982501,7.600221479712557,0
0.44090504368158656,0.24277506059602258,0.5033259258087787,0
0.5544781087541629,0.7584805112177095,0.9395417281763867,0
-1.0487969548146887,-7.64606863595242,7.7176641957346055,1
3.571378801381932,10.037293511523428,10.653732096285815,1
-2.863175595721824,4.442142319872231,5.284922220992176,1
4.306305947227347,5.788126273829101,7.214338269925827,0
11.094010093903316,-4.946807594620174,12.146932342851857,0
-6.259722540992013,-2.1242794711865955,6.6103471589552925,1
1.7994872896095084,3.881422786556839,4.278270369374618,1
-1.5874524209177432,4.776368240666627,5.033259258087786,1
8.469200798214588,5.284463715833691,9.98263086187411,1
2.408844576824961,-7.789943955392256,8.153879998102214,1
2.2731288001207792,-7.813150582220722,8.13710246724192,1
-7.6790075457217135,8.841590637680552,11.710716540484249,1
-5.817567018285653,-8.623163934624085,10.402069133381424,0
-3.029707123145007,4.37116407318418,5.31847728271276,1
-0.13912860637705515,-1.4698528043105277,1.4764227157057506,1
-0.14958255985385555,1.6542263607670005,1.6609755551689696,0
-7.836704981286916,4.272378612627799,8.925646417675674,0
-7.4759237796475855,4.752286704016261,8.858536294234504,0
8.393435699490587,5.434924595907854,9.999408392734402,1
-4.948321132102062,-5.06381172574745,7.080118023043486,1
-4.477145099674409,-5.614162380952638,7.180783208205241,1
-4.518893711712819,-9.536604262152427,10.55306691112406,0
0.30192674710979117,4.637558018365057,4.647376048301056,1
-0.8219337766038112,-4.454741391121396,4.529933332279008,0
8.745321172105841,4.672997871924513,9.915520738432939,1
-4.969156428890399,-9.252832677138494,10.502734318543181,0
-0.909105642800374,4.813949538948383,4.899039011205446,1
3.018231654861933,2.295088932685486,3.791721974426132,1
6.213735440817579,-0.3652989543191648,6.2244639491685625,0
-8.923821045489628,-4.205633733593121,9.865188145852061,0
3.196550716051243,1.7426807498876529,3.640724196683499,1
-5.416218486414251,-4.375319958406537,6.9626753070214376,1
-6.216327468865036,-2.3449327320279116,6.643902220675878,1
-2.7073131169704197,-2.889303449102293,3.9594972830290587,0
-8.393435699490587,-5.434924595907856,9.999408392734402,0
3.2545693162603175,1.434874473562423,3.5568365423820354,1
-7.19339976634754,9.177121205151089,11.660383947903371,1
-5.533161210668968,-4.1709512572777045,6.929120245300853,1
-8.807559980396372,-4.517964617079897,9.898743207572647,0
-3.280381236174758,-1.1904996532575725,3.489726418940865,0
-3.598770359904362,4.074073898362531,5.435919998734809,1
2.0025192516658854,-1.4963880377430354,2.4998520981836005,1
5.5413222134074696,-2.090306197994576,5.922468393683295,0
0.5476027518071992,0.8043933047464871,0.973096789896972,0
1.8440050216715602,-4.737357025202441,5.083591850668664,0
-7.518806322129007,8.956325197932342,11.693939009623957,1
-0.01636104728080746,-1.5602245886038082,1.5603103700072136,1
5.648837716418199,-6.449218449206986,8.57331826960953,1
-4.580524483815149,10.448813806682848,11.408720984998983,1
-1.17436694835357,-7.610815836416864,7.700886664874313,1
6.108671689982869,-0.7727459603269266,6.157353825727392,0
7.3874294967259,7.009918102931603,10.183961232197621,1
-2.602732106871796,-7.033429476080303,7.499556294550802,1
9.216290823253143,-1.2051555909961387,9.294752096602112,1
1.8655486689667038,-7.868645065666765,8.086769874661043,1
8.601983132970192,-8.094110479170686,11.811381725646005,0
-2.8130299958973666,-2.714485369131409,3.9091646904481805,0
-6.083899710139466,-8.395966196406093,10.36851407166084,0
-3.253025140074812,-0.4810156032848388,3.288396048617354,0
5.4080448816293085,-6.609130518086075,8.539763207888944,1
0.28570649077852417,1.3286077075899179,1.3589799996837022,0
0.25310342245916184,10.969585618445748,10.972505182631373,1
-8.31500205110508,-5.584328191119752,10.016185923594694,0
-5.882348930393868,-3.434664732397605,6.811677529278804,1
-0.5352238595707502,1.7837373069683204,1.862305925492481,0
7.284584056435673,-4.981478583608091,8.824981232513919,1
-0.44090504368158656,-0.24277506059602258,0.5033259258087787,1
2.8130299958973657,2.7144853691314097,3.9091646904481805,1
-0.5595904838037391,-0.6022501774357866,0.8220990121543384,1
6.116108759732345,-6.103295540489742,8.6404283930507,1
-6.106145096093123,-2.7843632572545727,6.711012344117048,1
-0.4014411023570851,-1.1748446144321751,1.2415372836616538,1
6.358344919818681,0.8043295826836157,6.4090167886317815,0
-8.3191645269291,3.5022568046050138,9.02631160283743,0
-12.402598262242156,1.2527442647842404,12.465705429197417,1
-5.940393035853978,1.2644057556942245,6.073466171425928,1
3.5987703599043623,-4.074073898362531,5.435919998734809,0
5.901995359094801,-1.3601206086153694,6.056688640565636,0
-12.115283826674911,2.4726742680205174,12.365040244035661,1
0.14722783851415236,4.678615181903175,4.680931110021641,1
9.036660094999888,-7.683686673379208,11.861714318226882,0
4.213106412811157,-3.643651562673548,5.57014024561715,0
4.392566708158205,5.701775013705626,7.197560739065534,0
3.2187554223181154,-7.601126871316129,8.25454518326397,1
4.720609268393071,5.34407841606196,7.130450615624364,0
-4.670813290332012,-9.444410892772341,10.536289380263765,0
-5.9019953590947996,1.3601206086153752,6.056688640565636,1
4.031166400787736,-10.61897755540421,11.358388392418105,0
6.86166659583276,-9.38619632631916,11.626828886182786,0
-0.1166337150784046,-0.013761106555979619,0.11744271602204834,1
-1.8570404832555492,-3.8355862467501476,4.261492838514326,0
-5.032180734977936,2.826133422395943,5.771470615940662,1
2.609934289041369,-0.9720383715919322,2.785070122808575,1
-3.850437645838703,-6.199857383567092,7.29822592422729,1
2.3561967387660903,-10.956912946544016,11.20739061467547,0
-0.06721812436599238,-1.5252748916631769,1.5267553082866285,1
-0.5544781087541628,-0.7584805112177097,0.9395417281763867,1
-8.893883469101675,7.823130085506074,11.84493678736659,1
0.18408107966000953,1.4310769451807475,1.4428676539851655,0
-2.9175138461670542,10.873106491183728,11.25772320725635,1
-1.1702234202102315,-4.28927724884441,4.446045677977544,0
0.49394597084985253,-4.789749468163805,4.815151356903982,0
-11.857488282702557,3.261756716341187,12.297930120594492,1
1.7281960272406556,-1.639881994425515,2.382409382161552,1
-12.471124164367348,0.8381974091802991,12.499260490918003,1
2.965548823524341,2.41625010679044,3.8252770361467174,1
-8.005610142576291,4.022125979316876,8.95920147939626,0
2.0768441982928465,3.6441136832598677,4.194382715073155,1
-3.129127188072189,-1.9891200030068075,3.707834320124669,0
-0.6054812385302981,1.7965748947996345,1.895860987213066,0
3.104137811053884,-10.838758939277978,11.274500738116641,0
-9.166215003079026,-3.413845606253587,9.781300491550597,0
-2.8474537475669237,0.6436329839568542,2.919290369690916,0
-8.087077647186721,3.8945313352108344,8.975979010256552,0
-3.9115779748309967,3.8707748930147323,5.503030122175979,1
-4.641183454939969,-5.4352816224639176,7.1472281464846565,1
-5.687398211746876,1.824240445373557,5.972800986264173,1
2.84590747448007,2.6554638854300276,3.892387159587888,1
0.33065733685103793,-4.770149772879062,4.781596295183397,0
0.7502455793204423,-1.8139424334783232,1.9629711106542367,1
6.2745757599811665,-0.05263717894702562,6.27479654174944,0
-2.7142780186980824,-6.973139383631312,7.482778763690509,1
0.45132901648709445,0.25847577162261925,0.5201034566690712,0
-9.094469983520144,1.6582845609783956,9.244419504021234,0
-3.269735191448877,-1.3123811069093905,3.5232814806614505,0
-1.2467292031268629,4.807109684792098,4.966149134646615,1
2.8199546170802425,-0.6873403357758273,2.9025128388306234,1
-0.5432380059553696,-0.8274923804968175,0.9898743207572647,1
-6.2138294025578755,-8.279297890887397,10.351736540800546,0
3.041673025523117,-0.2686117855393574,3.053510616573257,1
-5.9518016802749285,-8.510601531506014,10.385291602521132,0
-3.153926095843584,-0.03968841402169485,3.1541758017350126,0
9.451729393876464,-7.249942970135443,11.91204691080776,0
3.1199345076512506,-0.06544059118880845,3.1206207400144272,1
-5.226743581002034,-4.6758348279573045,7.013007899602315,1
0.11551048010922556,-7.867814091717702,7.868661973477239,1
-5.213064181335189,2.5917859556745366,5.82180320852154,1
2.079132142048518,-1.4475363117222777,2.533407159904186,1
0.24692245191006187,1.3704682411435027,1.3925350614042875,0
8.148989438699669,-8.48034479477888,11.761049133065127,0
0.5579907176285083,0.5806798147637461,0.8053214812940458,0
7.922141954571465,-4.1480854531902045,8.942423948535966,1
-2.2290471695272185,1.339417357286595,2.600517283345356,0
-6.073719604482173,-2.8936286506696978,6.727789874977341,1
-6.310254199912898,-1.7928979456528251,6.560014566374415,1
3.0661536649229126,2.1731360396520354,3.758166912705547,1
-2.1860224970422375,4.6638006463102775,5.150701974109834,1
-0.5513480107291604,-0.7813846020171252,0.9563192590366794,1
1.4581714036786084,-7.903041208693144,8.036437282080165,1
-11.630571519905667,3.8384178157887314,12.247597528013612,1
-5.656868961950353,10.023263119424232,11.509386170160738,1
-2.9744555670248345,0.41435772417772204,3.0031780239923793,0
7.593343113770753,6.735865629761966,10.150406170477035,1
3.7514936020492113,-7.428071270349903,8.32165530670514,1
-0.7419747603976768,4.808576454381026,4.86548394948486,1
3.274062638976908,0.6539287236488027,3.3387286411982315,1
-0.49504052080430194,-0.9904978055016196,1.107317036779313,1
5.977235813832212,-1.167784388951386,6.090243702286221,0
-4.56002314127038,-5.525320469991698,7.164005677344949,1
-2.4899256253189512,-7.091935177044345,7.516333825411094,1
5.153952950796391,-2.671159317465656,5.805025677661247,0
1.4967207716984965,4.097346648147783,4.3621580236760815,1
-6.590302524301111,-7.917501875123628,10.301403948219669,0
3.2232325480410156,1.6193952912979943,3.6071691349629136,1
6.984668829614115,-5.311201379621728,8.77464863993304,1
-8.867062707964745,-4.36216053908404,9.881965676712353,0
8.3191645269291,-3.502256804605015,9.02631160283743,1
-4.209751758167596,-9.713627279781834,10.586621972844643,0
-2.4198225505690836,-3.281142877050644,4.076939999051107,0
5.259921588162537,9.051902518137622,10.469179256822596,1
-8.148989438699667,8.48034479477888,11.761049133065127,1
-0.2284357156186191,-0.05466525419634791,0.23488543204409668,1
2.6697236442576706,2.9467502539004453,3.976274813889351,1
5.642519243131653,3.9636846231623126,6.895565183580267,0
-2.7306123744159883,10.904247601754715,11.240945676396056,1
0.917189256514948,-7.916371594938847,7.969327158638995,1
2.271332682576058,-4.641539860794923,5.167479504970127,0
1.2896292265829616,-1.77972746234498,2.197856542698333,1
6.1651391858176625,2.565052548725871,6.677457282396463,0
6.190002659116939,-0.468228307745467,6.20768641830827,0
0.5589116365219674,0.7130425109038253,0.9059866664558015,0
8.923821045489628,4.205633733593119,9.865188145852061,1
-4.12881223091055,-5.9569176013109315,7.247893331646412,1
2.6109541437992534,-4.536942476696022,5.234589628411298,0
2.7629920965312573,-0.772524045804386,2.868957777110038,1
-0.46652038114513994,1.7682444558721646,1.8287508637718957,0
10.453362381862378,-5.986632387904542,12.046267157690101,0
6.524025887909913,-9.583375406548662,11.593273824462202,0
-0.17910509037297745,1.668165694492966,1.677753086029262,0
-6.291352700515875,-0.05277792006721215,6.291574072609733,1
2.543488375680486,-10.932182647670958,11.224168145535764,0
5.115504667915919,9.15351854456434,10.485956787682888,1
-1.1022423866125093,-4.324563875640688,4.462823208837837,0
4.214967688573033,-10.5654364399394,11.375165923278397,0
1.2467292031268637,-4.807109684792098,4.966149134646615,0
-7.568907472069999,4.634957947291621,8.875313825094796,0
3.233991315704927,0.36781791681244397,3.2548409868967685,1
1.3035516948661816,4.215545803020912,4.412490616256959,1
3.279026185427278,0.7123264321960001,3.355506172058524,1
6.319566098728789,0.2652223402204113,6.325129134330318,0
0.4120792172015671,-4.780646618733882,4.798373826043689,0
-6.0074161273276285,9.856492467190844,11.542941231881324,1
11.630571519905667,-3.83841781578873,12.247597528013612,0
-1.0926144032051028,1.809712194526703,2.11396888839687,0
3.8343625834060973,-3.9238541097616517,5.4862525913156865,0
0.9091056428003745,-4.813949538948383,4.899039011205446,0
-8.950522850434794,2.1022309195146685,9.194086911440357,0
11.375783691877409,-4.400547386491015,12.197264935432734,0
2.338004644996146,-1.2492955393639154,2.6508498759262342,1
5.640105335157776,-1.9140081529726973,5.95602345540388,0
-2.733563014084072,0.8139812068646692,2.8521802462497456,0
3.210474037875117,1.6810252493228575,3.623946665823206,1
-6.360563233123624,-0.9132732306667829,6.4257943194920735,1
-0.8009862960580282,-10.892762507297109,10.922172590050495,0
-3.2756196708151153,-1.2513535560105282,3.5065039498011576,0
1.5202505176014005,10.748079806073418,10.855062466609326,1
-1.6486549643202262,1.673037186459545,2.348854320440967,0
-4.2865144869659435,3.5832169616352774,5.586917776477443,1
2.549962223165096,3.1162894387832183,4.026607406470229,1
-0.9821077162121833,-10.861082166652023,10.905395059190203,0
-3.5580081488510444,-6.429765959011527,7.3485585168081675,1
-12.547826860425946,0.21054130752913178,12.54959308349888,1
-2.27312880012078,7.813150582220722,8.13710246724192,0
-7.381137771739048,4.867802710085093,8.84175876337421,0
-3.2740626389769085,-0.6539287236488017,3.3387286411982315,0
1.6087808543262234,-1.6883146375170393,2.3320767895806744,1
0.0099222998864607,-1.5770566873221903,1.5770879008675063,1
-3.112402051220659,4.333347135565286,5.335254813573053,1
-1.6674440372124464,-7.449441231884416,7.633776541433142,1
-1.9295701926935394,4.721284433234953,5.100369381528957,1
0.16541952619624095,0.0280166830623877,0.16777530860292622,0
-1.9249995558853656,1.541751530535124,2.4662970364630152,0
10.786199743741822,-5.4759127646776635,12.096599750270979,0
0.08929598587990092,-4.730420959118737,4.731263702602519,0
1.416808774470133,-4.7947570269781385,4.999704196367201,0
-6.711256692381703,-7.793110685317395,10.284626417359377,0
0.8253789440774973,-4.811987818057685,4.882261480345153,0
-1.1623920365206195,-10.82639535725935,10.888617528329911,0
-8.233914045993462,-5.732627247747838,10.032963454454988,0
-0.9931296145405062,4.814451769824864,4.915816542065738,1
-9.137564206154426,1.5082078428730523,9.261197034881526,0
8.950522850434792,-2.10223091951467,9.194086911440357,1
-1.2104292667078198,1.7941744315588835,2.164301480977748,0
-2.526348251809757,4.565427427517319,5.217812097551005,1
4.138880682563806,-3.7026347561097377,5.553362714756857,0
3.519019380154019,-4.121117286516065,5.419142467874517,0
4.58052448381515,-10.448813806682848,11.408720984998983,0
-1.3226119135481957,7.909844515000049,8.019659751219873,0
-9.411449679618354,0.11843191630942798,9.41219481262416,0
-1.4490078840075726,1.740818816191678,2.264966666139504,0
-5.038807450979247,6.832338665792696,8.489430615308066,0
-5.884964529685697,6.280562158429987,8.606873331330114,0
5.681228160763333,8.73361393687232,10.418846664241718,1
3.8504376458386966,6.199857383567095,7.29822592422729,0
0.9763677967308633,-1.8180485931118755,2.0636362958159924,1
-9.716930225259446,6.948285650684815,11.945601972528346,1
-0.03353617296353407,-0.0011257308880064357,0.03355506172058524,1
1.793863183855137,-11.01190258701894,11.157058022094592,0
-2.338004644996147,1.249295539363914,2.6508498759262342,0
4.660883569436475,-7.035235588759985,8.439098022727189,1
8.598757728198304,-2.9583245636179964,9.093421726278601,1
-9.409689108338975,-2.1269480791677564,9.647080244668256,0
5.489877556125497,-2.176793280488673,5.905690862823002,0
3.137370673032305,-0.013159410492330575,3.13739827087472,1
8.785063541566535,-2.535922241374883,9.143754318859479,1
2.3968118790414805,10.501118971508749,10.771174812307862,1
9.048916841393467,-1.8073406935017067,9.227641973160942,1
-8.74532117210584,-4.6729978719245135,9.915520738432939,0
1.6064474997797467,-11.023845783293003,11.1402804912343,0
-3.2440012825530014,-0.4241973650618172,3.271618517757061,0
2.9498947185971427,-7.673512867501206,8.220990121543384,1
-1.4168087744701325,4.7947570269781385,4.999704196367201,1
3.5580081488510498,6.429765959011523,7.3485585168081675,0
-5.479915223920797,10.102008833631274,11.492608639300444,1
-2.223758381937518,-10.556268962906826,10.787952343168156,0
-0.06416172153502418,1.6093644790488595,1.6106429625880916,0
-9.123273786003619,-3.5732629848459956,9.798078022410891,0
-0.5383333484171262,-7.766138577599596,7.784774319175776,1
-2.265728416515873,1.3102316158070135,2.617294814205649,0
5.159877432357906,4.77425890389157,7.029785430462608,0
5.694334219211844,3.8590513563731967,6.878787652719974,0
0.5144744571690316,-7.902264926600387,7.918994566058117,1
-1.187235372147936,7.914328525154123,8.00288222035958,0
-6.001179110678696,6.192996324438682,8.623650862190408,0
8.087077647186721,-3.8945313352108353,8.975979010256552,1
-8.452955558045675,8.225583896925583,11.794604194785713,1
-6.137453983829,0.6719796163432487,6.174131356587685,1
2.602732106871795,7.033429476080304,7.499556294550802,0
-2.9505094744365152,0.4616077844230196,2.9864004931320864,0
6.323231672971115,1.6824660807453262,6.543237035514122,0
8.392320324718789,-3.3684448410674297,9.043089133697723,1
9.315424993237537,-0.7439523125629652,9.34508468918299,1
6.341559790861609,8.160637055774046,10.334959009940254,1
-1.331685175025017,4.801684365765662,4.982926665506908,1
-6.295346666474306,-1.903366659148927,6.576792097234708,1
-3.7333806557491154,-9.960254580391263,10.63695456542552,0
0.6771904974939237,-1.8066707835094569,1.9294160489336514,1
-0.5049528347396064,-0.3610766419597442,0.6207686418308269,1
12.438588229243152,-1.0458985187219543,12.482482960057709,0
0.46652038114514055,-1.7682444558721644,1.8287508637718957,1
1.0774253778911207,-4.813485103679161,4.9325940729260305,0
-8.725243568053665,2.6780272528139157,9.126976787999185,0
6.8298952152805485,7.666893249828665,10.267848886499085,1
0.13912860637705432,1.4698528043105277,1.4764227157057506,0
-0.009887172406954017,4.7144758040921655,4.714486171742227,1
4.5188937117128205,9.536604262152427,10.55306691112406,1
-9.388981846463698,-2.2884857422362836,9.66385777552855,0
2.2657284165158726,-1.3102316158070137,2.617294814205649,1
3.2428111140114377,10.183431782878127,10.687287158006399,1
-4.841031602971466,3.0489069027053946,5.721138023359783,1
3.223007432052376,0.3118942741603827,3.2380634560364756,1
0.7419747603976774,-4.808576454381026,4.86548394948486,0
-2.356196738766089,10.956912946544016,11.20739061467547,1
0.9637301521092885,4.391883621621292,4.496378270558423,1
5.270958659251358,-2.511178978636055,5.838580739381832,0
-9.475981348745094,-0.8368290241803168,9.512859997785917,0
-1.2319847786127505,11.038186593452437,11.106725429513714,1
-2.271332682576062,4.641539860794921,5.167479504970127,1
-8.150186712581295,-5.879774691430704,10.04974098531528,0
1.2990500219501475,7.573506600241993,7.684109134014021,0
6.291352700515875,0.05277792006720734,6.291574072609733,0
4.286514486965947,-3.583216961635273,5.586917776477443,0
-0.10015557143129603,-0.010116373605256286,0.10066518516175572,1
9.442789578333436,1.8037714440822417,9.613525182947672,1
9.58551132985189,-7.100339788025516,11.928824441668054,0
2.90844723551149,10.318788328991257,10.720842219726984,1
-9.471952072616943,-0.6765398382207887,9.496082466925623,0
3.9115779748310007,-3.8707748930147288,5.503030122175979,0
3.11240205122066,-4.333347135565286,5.335254813573053,0
9.137564206154426,-1.5082078428730534,9.261197034881526,1
3.2858155163557496,0.8301520576256954,3.3890612337791093,1
0.19726378008154538,0.040260639370754664,0.20133037032351145,0
-2.7629920965312573,0.7725240458043869,2.868957777110038,0
-1.496720771698496,-4.097346648147783,4.3621580236760815,0
-0.46478851379888986,-1.0602472833251713,1.1576496293601908,1
-12.438588229243152,1.0458985187219558,12.482482960057709,1
-0.553109467525037,-0.5382316632412188,0.7717664195734606,1
-1.5688614520455755,1.7027285167391182,2.3152992587203816,0
-9.000926878997877,1.9553360563780258,9.210864442300648,0
-6.4670606541735856,-8.040024597628335,10.318181479079962,0
0.03676578766608503,-1.5934413360127617,1.593865431727799,1
-0.4073049119228109,-0.19825657283549314,0.45299333322790075,1
-9.343339378391422,0.5886199854523516,9.361862220043282,0
-1.6087808543262239,1.6883146375170393,2.3320767895806744,0
9.368659205009733,-0.432560143350136,9.378639750903575,1
0.6033996061433659,4.540346336760954,4.580265924859885,1
-3.066153664922912,-2.173136039652036,3.758166912705547,0
3.2452747803546687,1.4962984810757447,3.5736140732423283,1
5.744230543963204,3.7537978595423747,6.862010121859682,0
3.67793027328274,-4.025511055024303,5.452697529595102,0
1.502073440608571,-4.78632053864194,5.016481727227494,0
2.419822550569084,3.2811428770506437,4.076939999051107,1
-0.08929598587990033,4.730420959118737,4.731263702602519,1
2.7306123744159896,-10.904247601754715,11.240945676396056,0
-11.548696653733586,4.0274760586263225,12.23081999715332,1
3.253025140074812,0.4810156032848398,3.288396048617354,1
6.562202434262528,-5.723523934426096,8.70753851649187,1
-9.442789578333436,-1.8037714440822428,9.613525182947672,0
-4.660883569436476,7.035235588759984,8.439098022727189,0
-0.493945970849852,4.789749468163805,4.815151356903982,1
0.0502688505025272,0.0025323003509087217,0.05033259258087786,0
-10.453362381862378,5.986632387904543,12.046267157690101,1
0.14787668583657734,7.833711304639895,7.835106911756654,0
3.3578588247558043,-4.21062178571448,5.385587406153931,0
0.08359266283093518,0.007028887894636717,0.08388765430146311,0
3.088331263469878,2.111919627651337,3.7413893818452544,1
-8.897728155676212,2.2479860174319626,9.177309380580063,0
-11.284811996006027,4.58446197800204,12.180487404572443,1
0.5191795019171582,0.398236303993355,0.6543237035514122,0
-8.598757728198306,2.9583245636179956,9.093421726278601,0
-2.4643456329178695,-3.2267506674089255,4.060162468190814,0
-1.488957439092841,1.728977248292277,2.2817441969997962,0
-7.883331514578164,-6.313839601239079,10.100073577896158,0
-0.34424654913521746,-0.1331664958773068,0.36910567892643764,1
0.06416172153502361,-1.6093644790488595,1.6106429625880916,1
-4.775154975421735,3.1205165580547845,5.704360492499491,1
6.467060654173586,8.040024597628335,10.318181479079962,1
-9.243765287716293,-3.0937589224733144,9.747745429830013,0
-11.094010093903316,4.946807594620176,12.146932342851857,1
-0.5123058094716901,-0.3794837017510122,0.6375461726911196,1
3.0763317333886335,10.252472088700797,10.704064688866692,1
6.306354035412225,0.1587410880735479,6.308351603470025,0
2.779396369639885,-4.4752993527357905,5.268144690131883,0
3.147302748184594,6.714657608042809,7.415668640249338,0
3.1946781329430802,-4.293982049654611,5.352032344433346,0
-11.463756444241382,4.214869103011824,12.214042466293028,1
-0.5416954520840966,-0.4764795944430045,0.7214338269925827,1
-6.358344919818681,-0.8043295826836148,6.4090167886317815,1
4.798284418067331,5.251743653324011,7.113673084764071,0
-9.178178073782506,1.3571511664107874,9.27797456574182,0
-8.542283991607537,-5.13299296921443,9.965853331013816,0
1.7678271092126678,-1.6220003562108334,2.3991869130218446,1
-11.709349052960658,3.6477445552913492,12.264375058873906,1
-0.14787668583657831,-7.833711304639895,7.835106911756654,1
-5.475633664262999,-4.2735151680636525,6.945897776161145,1
-2.99248550713426,-2.355779907240563,3.808499505286425,0
9.972500968218203,-6.636974287285033,11.979157034248932,0
-0.5382497524990265,-0.8506674757505387,1.0066518516175573,1
2.9374218143349355,2.476476606093561,3.8420545670070103,1
-3.677930273282743,4.0255110550243005,5.452697529595102,1
0.4950405208043018,0.9904978055016196,1.107317036779313,0
6.278504205664391,2.013838469190462,6.593569628095,0
-9.310194030321632,-2.7723242280861418,9.714190368109428,0
2.591043346698624,3.0602663294005623,4.009829875609936,1
-3.2627206601896668,-1.3735616835904407,3.540059011521743,0
-5.7442305439632015,-3.753797859542379,6.862010121859682,1
-0.4513290164870945,-0.2584757716226192,0.5201034566690712,1
-8.166513062300956,3.765333266932381,8.992756541116846,0
-0.3704565763187627,-0.15778972438213382,0.4026607406470229,1
1.0450455547185553,-11.040598905105213,11.089947898653422,0
0.20564463476096162,1.4111850776805803,1.4260901231248728,0
8.150186712581297,5.879774691430703,10.04974098531528,1
-0.27868201097835826,-7.813361033828165,7.818329380896361,1
2.577637285429106,-1.0095691652390197,2.7682925919482826,1
0.8583726121438688,-11.039850472397402,11.07317036779313,0
8.063835912748537,6.025723641918256,10.066518516175572,1
-4.365193437377517,-9.62635433495068,10.569844441984351,0
-0.16924250881303807,4.745023975479336,4.7480412334628115,1
1.162392036520621,10.82639535725935,10.888617528329911,1
-4.905845586362774,2.975962699720139,5.737915554220076,1
-0.6033996061433654,-4.540346336760954,4.580265924859885,0
10.89163505215813,-5.301527614341702,12.113377281131273,0
5.94039303585398,-1.2644057556942188,6.073466171425928,0
-5.54281826794503,-8.841912575338739,10.43562419510201,0
0.03353617296353407,0.0011257308880064376,0.03355506172058524,0
0.10015557143129603,0.010116373605256277,0.10066518516175572,0
2.5263482518097615,-4.565427427517316,5.217812097551005,0
-5.29176317512727,-4.576514161550809,6.996230368742022,1
3.1539260958435835,0.03968841402169586,3.1541758017350126,1
-11.375783691877409,4.400547386491016,12.197264935432734,1
-3.2232325480410156,-1.6193952912979948,3.6071691349629136,0
9.471730017900311,1.3194631440296247,9.563192590366794,1
0.4073049119228108,0.19825657283549322,0.45299333322790075,0
-10.096565331114727,6.477793961289164,11.995934565109224,1
0.5290733816528325,4.566496456869988,4.597043455720178,1
-0.4888480866773628,-0.3253418768276978,0.5872135801102417,1
-3.076331733388632,-10.252472088700797,10.704064688866692,0
-0.3219677277296473,-1.2857247172218245,1.3254249379631171,1
-0.3715789305857198,-1.219749805327778,1.2750923453822391,1
-5.259921588162535,-9.051902518137622,10.469179256822596,0
0.1495825598538546,-1.6542263607670005,1.6609755551689696,1
-1.7409168516372278,-3.926403568279481,4.295047900234911,0
0.3830804590436229,0.1708151793722433,0.4194382715073155,0
4.5015548832561105,-3.393316277107284,5.637250369058321,0
-9.455191960592233,-1.6422272943160552,9.596747652087378,0
0.5558279756321826,0.5593360557574482,0.7885439504337531,0
-0.3665915839585966,1.7402247434963036,1.7784182711910177,0
5.327611596341249,-2.4293569419546177,5.8553582702421245,0
0.5569976745412724,0.7356951504556968,0.9227641973160942,0
-0.5476027518071994,-0.8043933047464868,0.973096789896972,1
-3.245274780354669,-1.4962984810757436,3.5736140732423283,0
-0.8621100880851181,1.8193839609829743,2.0133037032351147,0
0.8245365381713076,-1.8183113743795731,1.9965261723748218,1
0.3341621884042785,-1.7296571133706962,1.7616407403307253,1
0.42872079890209225,1.1293447326279222,1.2079822219410687,0
4.365193437377518,9.62635433495068,10.569844441984351,1
10.677983182176733,-5.648254598875567,12.079822219410687,0
0.549842671851788,0.5173792209697169,0.7549888887131679,0
5.884964529685696,-6.280562158429988,8.606873331330114,1
-6.984668829614116,5.3112013796217274,8.77464863993304,0
0.7872435934449694,-1.8164944833823404,1.9797486415145293,1
-5.7332621426819586,1.7334232074391955,5.989578517124466,1
7.086313975617325,-5.203203662694793,8.791426170793333,1
-0.5609439436882472,-0.6681906890853399,0.8724316047352163,1
-7.922141954571465,4.148085453190204,8.942423948535966,0
-6.350641173689199,-1.3517265951758652,6.492904442933244,1
-7.789213785310033,-6.455913952608318,10.11685110875645,0
0.40884630606768985,7.790831532437087,7.801551850036069,0
-2.0266723875801658,-7.307613916922824,7.583443948852264,1
7.381137771739047,-4.867802710085094,8.84175876337421,1
-6.861666595832758,9.386196326319162,11.626828886182786,1
2.6309655117564206,3.003745579082706,3.9930523447496435,1
0.5382497524990266,0.8506674757505387,1.0066518516175573,0
1.4490078840075724,-1.7408188161916784,2.264966666139504,1
0.04207687543439634,1.5429592224289772,1.5435328391469212,0
1.9813295538807418,-10.996769260259912,11.173835552954886,0
8.748975205859043,-7.959948758914175,11.828159256506298,0
-3.233991315704927,-0.36781791681244436,3.2548409868967685,0
-0.06896148066223128,-4.697202442816539,4.697708640881934,0
7.193399766347542,-9.177121205151087,11.660383947903371,0
5.820615822042641,-1.5487315974040337,6.023133578845051,0
-6.562202434262528,5.723523934426095,8.70753851649187,0
-0.5263881823973268,-0.8971877752114685,1.0402069133381424,1
-0.2736953107235973,-0.0802508470913927,0.28521802462497453,1
-3.0416730255231164,0.2686117855393584,3.053510616573257,0
-12.05571525754081,2.6719509094844636,12.34826271317537,1
-0.5006716680849194,1.7763172397324545,1.8455283946321883,0
0.5368312927722709,0.45645663406213094,0.7046562961322901,0
1.7409168516372284,3.9264035682794804,4.295047900234911,1
-3.2883540595955467,-0.9492259398907827,3.4226162954996946,0
-0.45341293028460605,-1.0833724517977537,1.1744271602204834,1
0.5609439436882471,0.66819068908534,0.8724316047352163,0
-8.785063541566535,2.535922241374882,9.143754318859479,0
-6.354266216953394,-0.695718026703207,6.392239257771489,1
-5.838243139326461,-3.5415696455733774,6.828455060139096,1
-10.337037915371088,6.152582207348922,12.02948962682981,1
2.4087097339123242,-1.1849672092588242,2.6844049376468195,1
-3.062486270828446,0.21873991235760631,3.0702881474335495,0
-1.52891445178666,1.7162816588668734,2.298521727860089,0
-6.136618273716532,-2.6748263303824142,6.694234813256756,1
0.30415406585117866,1.3072864152670804,1.3422024688234098,0
-0.7951325384412308,-7.710328412166125,7.75121925745519,1
-0.33416218840427836,1.7296571133706962,1.7616407403307253,0
-8.53214542678146,3.0964438096747475,9.076644195418307,0
9.443672730148679,0.1980809292435369,9.445749874344745,1
-1.593874049675857,7.893911219233056,8.053214812940459,0
-2.5776372854291054,1.0095691652390206,2.7682925919482826,0
-2.1803471742491665,-3.5438076923906476,4.16082765335257,0
2.1860224970422384,-4.6638006463102775,5.150701974109834,0
2.7142780186980757,6.973139383631315,7.482778763690509,0
12.500187491628429,-0.6296986872593067,12.516038021778295,0
4.359077046897253,-3.5213418460428505,5.603695307337735,0
-0.09210209305339312,1.6248121943630798,1.6274204934483842,0
-0.14927964646751138,-0.022713785103953645,0.1509977777426336,1
12.115283826674911,-2.472674268020516,12.365040244035661,0
-0.18408107966001003,-1.4310769451807475,1.4428676539851655,1
3.2110621161608743,0.2564431669875907,3.221285925176183,1
-0.23966855146111696,1.6944422569080198,1.7113081477498473,0
3.9448197096611772,6.120284974046187,7.281448393366998,0
0.40144110235708436,1.1748446144321754,1.2415372836616538,0
8.807559980396372,4.517964617079896,9.898743207572647,1
-6.2745757599811665,0.05263717894702639,6.27479654174944,1
7.171649094792991,7.277711761099012,10.217516293918205,1
1.7584454055375456,-4.751891950282442,5.066814319808372,0
5.7675042441347095,-6.365975232054974,8.590095800469822,1
0.6483470367024626,-7.90924300386756,7.935772096918409,1
11.857488282702557,-3.2617567163411856,12.297930120594492,0
6.343418834705769,1.4618470807278787,6.509681973793537,0
-2.7437297490457055,-2.831428280628581,3.942719752168766,0
3.6190355874468394,-7.47486296118631,8.304877775844847,1
-1.033405590485708,-4.35877226666603,4.47960073969813,0
2.0151133341553913,-4.703669926077294,5.1171469123892495,0
-0.750245579320443,1.813942433478323,1.9629711106542367,0
-0.9223740246986255,-7.679245729930351,7.734441726594898,1
3.2904292142656435,-10.801205512968352,11.291278268976933,0
-2.129137512796856,-3.5943230971579894,4.1776051842128625,0
-4.969570648091369,2.9016995153014284,5.754693085080369,1
-3.9880883089411707,3.8162059911127115,5.519807653036272,1
0.44139042166472775,1.1064100106721202,1.191204691080776,0
-0.009922299886460543,1.5770566873221903,1.5770879008675063,0
0.09210209305339291,-1.6248121943630798,1.6274204934483842,1
0.4709455677841689,0.29111514417816947,0.5536585183896565,0
-5.382998485716254,2.3463388863003676,5.872135801102417,1
2.489925625318951,7.091935177044345,7.516333825411094,0
2.8245353149625863,6.911090699965636,7.466001232830216,0
-0.3306852820454244,-0.1215827625868796,0.35232814806614504,1
10.218091713135307,-6.3163164615627,12.012712095969517,0
1.48895743909284,-1.7289772482922778,2.2817441969997962,1
3.4860655728121475,-7.519305319839523,8.288100244984555,1
2.0409482585762833,-1.4723976689726315,2.516629629043893,1
-0.3306573368510373,4.770149772879062,4.781596295183397,1
0.35568245751659067,1.241941128458935,1.2918698762425318,0
0.22659324427643937,1.3909771688866028,1.4093125922645802,0
-0.22659324427643923,-1.3909771688866028,1.4093125922645802,1
0.2666281321095453,1.3496733760492892,1.3757575305439949,0
1.4228125984923639,7.53416075102538,7.667331603153728,0
2.672895986809531,-0.8945808932452927,2.8186251845291603,1
3.8467567225388968,-10.669329859583868,11.341610861557811,0
2.778969805392951,2.773147876649706,3.9259422213084734,1
2.8149863744637122,-7.706163503631792,8.204212590683092,1
3.7544935422982664,6.277981665215652,7.315003455087583,0
-0.3168366708843235,-0.11049317033268352,0.33555061720585244,1
-2.0495280888795717,-10.608563628673604,10.804729874028448,0
-6.164569983367064,0.5704645237454601,6.190908887447977,1
2.2290471695272185,-1.3394173572865953,2.600517283345356,1
-3.0410744361459026,-6.7818229378436365,7.432446171109631,1
5.964738003552289,3.2194478927599635,6.778122467558219,0
9.178178073782506,-1.3571511664107885,9.27797456574182,1
3.062486270828446,-0.2187399123576067,3.0702881474335495,1
-11.992875069977503,2.869925845308274,12.331485182315076,1
-0.30219145731160396,1.7184958373215071,1.7448632094704326,0
-7.171649094792991,-7.277711761099013,10.217516293918205,0
-8.748975205859043,7.959948758914176,11.828159256506298,1
6.007416127327629,-9.856492467190844,11.542941231881324,0
3.2680672536061497,0.5958989892445061,3.321951110337939,1
3.0200531345426778,-0.3178472878643567,3.036733085712964,1
0.5263881823973267,0.8971877752114685,1.0402069133381424,0
0.009887172406954593,-4.7144758040921655,4.714486171742227,0
-0.4188815434462845,-0.2126568063952488,0.46977086408819335,1
2.22375838193752,10.556268962906824,10.787952343168156,1
-2.63096551175642,-3.0037455790827066,3.9930523447496435,0
-3.088331263469877,-2.111919627651339,3.7413893818452544,0
-1.8467200772698527,1.5836219472721786,2.43274197474243,0
1.3417894401836348,10.788721241592622,10.871839997469618,1
6.256037380874362,-0.1574745368389216,6.258019010889147,0
1.3226119135481949,-7.909844515000049,8.019659751219873,1
-0.7872435934449695,1.8164944833823404,1.9797486415145293,0
-5.354925004738239,-4.476331099220042,6.97945283788173,1
-2.076844198292846,-3.6441136832598677,4.194382715073155,0
-7.02829792966624,9.28313517120461,11.64360641704308,1
0.676997948059199,4.512992366544909,4.5634883939995925,1
0.14927964646751138,0.022713785103953648,0.1509977777426336,0
2.3758871233069,7.1486311335310475,7.5331113562713865,0
1.3293767927676485,-1.7712598405139983,2.214634073558626,1
9.177257751211627,-7.54165159475407,11.878491849087176,0
-1.799487289609508,-3.881422786556839,4.278270369374618,0
-8.61267276278149,-4.9805599241894845,9.949075800153524,0
6.334284539218685,1.5721046536733638,6.52645950465383,0
-4.5714151646701175,3.327190238817458,5.6540278999186135,1
-2.260645646400857,-7.203492449461114,7.549888887131679,1
-9.315424993237537,0.743952312562964,9.34508468918299,0
8.243885485055614,-3.6345641146368988,9.009534071977138,1
-0.11575024618303643,-1.4887071091566195,1.4932002465660432,1
1.0487969548146945,7.646068635952419,7.7176641957346055,0
10.99425097245332,-5.125144028960681,12.130154811991565,0
4.209751758167597,9.713627279781834,10.586621972844643,1
-1.8073411708809726,1.6032473565053278,2.4159644438821375,0
-4.404652960882386,7.159063120514981,8.405542961006603,0
-5.27095865925136,2.511178978636051,5.838580739381832,1
12.224502985902207,-2.070432878310444,12.398595305756247,0
3.7333806557491167,9.960254580391263,10.63695456542552,1
11.709349052960658,-3.647744555291348,12.264375058873906,0
-8.392320324718789,3.3684448410674284,9.043089133697723,0
-2.9258198899035404,0.5081717326817179,2.969622962271794,0
-7.356919869217108,9.068176786931346,11.677161478763663,1
7.518806322129008,-8.95632519793234,11.693939009623957,0
3.1843385491088534,0.14702402010112003,3.187730863455598,1
-1.502073440608566,4.786320538641942,5.016481727227494,1
2.791795038964499,-0.730307283326567,2.885735307970331,1
1.9638635511663756,-1.5195062550999994,2.4830745673233077,1
-12.363173798310887,1.4586772949338378,12.448927898337125,1
0.1166337150784046,0.01376110655597963,0.11744271602204834,0
0.5701645914745371,-1.7904935002862645,1.8790834563527734,1
2.1687922453300787,-10.978440753961902,11.190613083815178,0
-5.69433421921184,-3.8590513563732016,6.878787652719974,1
5.733262142681959,-1.7334232074391949,5.989578517124466,0
-0.4709455677841689,-0.2911151441781694,0.5536585183896565,1
11.992875069977503,-2.8699258453082725,12.331485182315076,0
3.9880883089411716,-3.816205991112711,5.519807653036272,0
-2.0151133341553864,4.703669926077295,5.1171469123892495,1
-6.165139185817661,-2.565052548725876,6.677457282396463,1
-6.108671689982868,0.7727459603269327,6.157353825727392,1
-1.6207750136219077,-4.013712988925441,4.328602961955496,0
-4.720609268393072,-5.34407841606196,7.130450615624364,1
6.2357522247403425,-0.26170480255170864,6.2412414800288545,0
-5.54132221340747,2.0903061979945714,5.922468393683295,1
2.8742754954910645,-0.5991953710325016,2.9360679005512087,1
-1.7281960272406556,1.6398819944255143,2.382409382161552,0
-7.186297652163079,5.093287592934456,8.808203701653627,0
-6.343418834705769,-1.461847080727878,6.509681973793537,1
1.6813417551539742,3.97050732912245,4.311825431095204,1
-6.213735440817579,0.36529895431916554,6.2244639491685625,1
-3.290429214265642,10.801205512968352,11.291278268976933,1
3.3555470590619874,6.575401495020592,7.382113578528753,0
-7.74933160150605,4.394974922837083,8.908868886815382,0
-2.1442307291477563,-7.256494695191746,7.566666417991972,1
-3.0182316548619315,-2.2950889326854877,3.791721974426132,0
-0.4120792172015665,4.780646618733882,4.798373826043689,1
-2.9655488235243403,-2.4162501067904403,3.8252770361467174,0
7.568907472069999,-4.634957947291622,8.875313825094796,1
-7.837472313628896,8.723998219080622,11.727494071344541,1
-3.2545693162603166,-1.434874473562425,3.5568365423820354,0
0.32196772772964694,1.2857247172218247,1.3254249379631171,0
-1.9638635511663756,1.5195062550999991,2.4830745673233077,0
-0.5119920793152285,-0.9438373216823377,1.0737619750587277,1
2.1546907080907047,-1.395207152976345,2.566962221624771,1
3.280381236174758,1.1904996532575722,3.489726418940865,1
2.9175138461670556,-10.873106491183727,11.25772320725635,0
-5.924515109494374,-3.327279174623126,6.7948999984185114,1
-9.25188237224863,1.0522625970665334,9.311529627462404,0
2.302053721751921,-1.280189744221269,2.6340723450659413,1
-1.3692004093905745,1.7619557279512148,2.2314116044189185,0
-5.77767520094327,1.6415791932064172,6.006356047984759,1
-0.4154042022860059,-1.1521613605763643,1.2247597528013614,1
5.79220203522686,3.6479589920932547,6.845232590999389,0
6.137453983829,-0.6719796163432479,6.174131356587685,0
-5.162905933427104,6.76017598502614,8.506208146168358,0
-4.218381396465741,-5.873184325247286,7.231115800786119,1
-4.78775545876057,6.969880131312643,8.45587555358748,0
-12.171554772310378,2.272150046845024,12.381817774895953,1
5.213064181335187,-2.5917859556745406,5.82180320852154,0
6.355958744185217,1.2417762372871453,6.476126912072951,0
0.0,0.0,0.0,0
5.862062812644542,-1.4549040496720052,6.0399111097053435,0
1.8073411708809715,-1.6032473565053287,2.4159644438821375,1
-0.33914467958424643,-1.263937863356678,1.3086474071028245,1
-1.7938631838551358,11.01190258701894,11.157058022094592,1
-0.917189256514949,7.916371594938847,7.969327158638995,0
7.660054663222352,-4.51584446577788,8.892091355955088,1
0.55134801072916,0.7813846020171256,0.9563192590366794,0
-3.242811114011436,-10.183431782878127,10.687287158006399,0
9.278370335575863,2.9331860095611035,9.73096789896972,1
-1.8440050216715638,4.7373570252024395,5.083591850668664,1
5.817567018285654,8.623163934624085,10.402069133381424,1
-2.7917950389644997,0.7303072833265655,2.885735307970331,0
2.260645646400856,7.203492449461114,7.549888887131679,0
-1.053670189936406,1.8132817544346194,2.0971913575365777,0
-4.392566708158212,-5.701775013705622,7.197560739065534,1
-7.660054663222352,4.515844465777879,8.892091355955088,0
0.39946864650691216,-1.7501864952514583,1.7951958020513104,1
9.845941452176014,-6.793817800280978,11.962379503388638,0
0.09177805399741286,1.5071860127820407,1.5099777774263359,0
-7.994149768624845,8.603573963368378,11.744271602204835,1
-3.020053134542678,0.317847287864355,3.036733085712964,0
1.0536701899364058,-1.8132817544346196,2.0971913575365777,1
0.06896148066223184,4.697202442816539,4.697708640881934,1
-0.49713028370033213,-0.34302586368880067,0.6039911109705344,1
5.475633664262998,4.2735151680636525,6.945897776161145,0
-2.0234772049953156,-3.6931572695722825,4.211160245933447,0
0.46478851379888975,1.0602472833251715,1.1576496293601908,0
-0.5602252199260158,-0.6905364507289671,0.8892091355955088,1
-1.2896292265829619,1.77972746234498,2.197856542698333,0
1.5874524209177483,-4.776368240666625,5.033259258087786,0
-4.398105423760671,10.508712782438213,11.391943454138689,1
3.7564705265501064,-3.9754354000667536,5.4694750604553946,0
-9.9725009682182,6.636974287285033,11.979157034248932,1
-5.977235813832211,1.1677843889513866,6.090243702286221,1
-4.1453810197925165,7.273650911786698,8.371987899286017,0
4.820913526816513,9.34980867807987,10.519511849403473,1
-0.2666281321095457,-1.3496733760492892,1.3757575305439949,1
6.01250406862247,-1.0702818165794517,6.107021233146514,0
-3.6190355874468403,7.47486296118631,8.304877775844847,0
2.049528088879573,10.608563628673604,10.804729874028448,1
4.640319961504861,-3.2596725124789847,5.6708054307789055,0
5.020653437206866,4.968281188899999,7.063340492183193,0
-2.5448200316110587,1.0462916123648955,2.7515150610879897,0
0.4188815434462845,0.2126568063952488,0.46977086408819335,0
-6.229714497352102,6.011478328205186,8.657205923910992,0
-3.223007432052376,-0.3118942741603831,3.2380634560364756,0
9.36549847373556,2.4499261772059766,9.680635306388842,1
6.946190921738024,7.538892200924641,10.251071355638791,1
3.244001282553002,0.4241973650618154,3.271618517757061,1
7.0601174182661595,7.409150567520821,10.234293824778499,1
-2.703525149504001,0.8546697165790128,2.8354027153894528,0
-2.6416931286937153,0.9337064250513368,2.8018476536688675,0
-0.6190779862970297,-10.921418048708537,10.938950120910789,0
-2.8199546170802425,0.6873403357758271,2.9025128388306234,0
-6.452799636731072,5.821572241034143,8.690760985631577,0
-0.6671072642109401,-7.739298547111144,7.767996788315483,1
0.9821077162121847,10.861082166652023,10.905395059190203,1
2.4776968640983714,-1.1172845688535922,2.7179599993674044,1
-3.0844981848385955,7.638500300629424,8.237767652403678,0
3.287621001412399,0.8895424901558013,3.405838764639402,1
0.4154042022860058,1.1521613605763643,1.2247597528013614,0
4.53316903714416,-7.098299863234753,8.422320491866895,1
-8.97782752608484,-4.048432357512711,9.848410614991769,0
-0.0,0.0,0.0,1
0.30048377348260047,-11.018741403650411,11.022837775212253,0
-0.04207687543439584,-1.5429592224289772,1.5435328391469212,1
-2.7789698053929497,-2.7731478766497077,3.9259422213084734,0
11.784998085274895,-3.455507062994093,12.281152589734198,0
-3.234831058874689,-1.557812534084332,3.5903916041026207,0
-2.4776968640983714,1.117284568853592,2.7179599993674044,0
-1.3293767927676488,1.771259840513998,2.214634073558626,0
9.411449679618354,-0.11843191630942915,9.41219481262416,1
-3.1093217937876076,-2.0505734376449527,3.724611850984962,0
1.1872353721479352,-7.914328525154123,8.00288222035958,1
3.082477597233513,-0.16824495431759984,3.0870656782938424,1
-3.101631951576888,0.11714053085752407,3.103843209154135,0
0.5314513669486957,0.4367340612781314,0.6878787652719974,0
6.693558305694363,-9.486283238523699,11.610051355322494,0
-0.4327820975187217,1.7595303393946007,1.811973332911603,0
0.5123058094716901,0.37948370175101226,0.6375461726911196,0
-9.477293814476472,-0.9974434226903512,9.529637528646209,0
2.3741652782859575,3.3349456436477714,4.093717529911399,1
8.680355434886227,4.827212283942613,9.93229826929323,1
-6.524025887909912,9.583375406548662,11.593273824462202,1
-2.0014401230595595,7.852497563663354,8.103547405521336,0
0.016466892122611643,7.851867175498696,7.851884442616947,0
1.6486549643202268,-1.6730371864595444,2.348854320440967,1
3.261050993863084,0.5382553352282432,3.3051735794776462,1
0.3704565763187627,0.1577897243821339,0.4026607406470229,0
1.559230065544207,4.055999658536351,4.345380492815789,1
-3.147302748184595,-6.714657608042808,7.415668640249338,1
0.47551768951224066,1.0370496960592108,1.1408720984998981,0
1.4090831344053036,-1.7518102375320261,2.2481891352792114,1
7.692544321868903,6.59660452518894,10.133628639616743,1
6.078240583089416,-0.872736298757295,6.140576294867099,0
-4.913743711206595,6.902244057549691,8.472653084447774,0
0.17910509037297728,-1.668165694492966,1.677753086029262,1
9.465216534983341,0.5166217347252401,9.479304936065331,1
6.360563233123624,0.9132732306667837,6.4257943194920735,0
11.926790155658743,-3.066545470669019,12.314707651454784,0
10.337037915371088,-6.152582207348921,12.02948962682981,0
9.077559259100425,3.732198739228437,9.814855553271183,1
1.788247856838902,7.404109907988863,7.61699901057285,0
-1.237331965426571,-4.252931450940764,4.429268147117252,0
0.3868323006974387,1.1973791979078836,1.2583148145219465,0
2.5448200316110583,-1.0462916123648969,2.7515150610879897,1
-2.8459074744800694,-2.6554638854300276,3.892387159587888,0
2.9334764602130914,6.847309662879733,7.449223701969924,0
6.238997990207772,2.2346556183328765,6.627124689815585,0
-6.946190921738022,-7.538892200924643,10.251071355638791,0
-2.9004030816521547,0.554038000276569,2.952845431411501,0
0.28832870445046765,0.08982134335874735,0.3019955554852672,0
9.391367915420675,-0.27581619907876337,9.395417281763867,1
0.38101881930890646,-7.893025955278694,7.9022170351978245,1
4.841031602971467,-3.048906902705394,5.721138023359783,0
8.31500205110508,5.58432819111975,10.016185923594694,1
1.2104292667078205,-1.794174431558883,2.164301480977748,1
-8.469200798214588,-5.284463715833692,9.98263086187411,0
0.5326342787310828,0.8739041286317465,1.0234293824778498,0
5.529004631030531,-6.530275430938443,8.556540738749236,1
-0.6769979480591986,-4.512992366544909,4.5634883939995925,0
-1.2990500219501486,-7.573506600241992,7.684109134014021,1
0.9380405905448383,-1.819261018701347,2.0468587649556995,1
-6.190002659116939,0.46822830774546226,6.20768641830827,1
-0.11540695716353702,11.005455162624713,11.006060244351959,1
-0.22489008867913685,-4.658728695472351,4.664153579161349,0
0.497130283700332,0.3430258636888008,0.6039911109705344,0
1.2319847786127518,-11.038186593452437,11.106725429513714,0
7.974878339533728,6.170427427804729,10.083296047035866,1
-4.70824219588491,3.1907766092939434,5.687582961639198,1
2.9924855071342593,2.3557799072405636,3.808499505286425,1
12.171554772310378,-2.272150046845023,12.381817774895953,0
-3.1981681384816523,-0.20148103444695037,3.2045083943158907,0
2.703525149504001,-0.8546697165790132,2.8354027153894528,1
1.545621516144956,7.492798658840061,7.650554072293435,0
3.661793839067999,-10.716488037050249,11.324833330697519,0
-0.16541952619624095,-0.028016683062387658,0.16777530860292622,1
7.883331514578165,6.313839601239078,10.100073577896158,1
11.463756444241382,-4.214869103011823,12.214042466293028,0
5.588792426837055,4.067662843895529,6.91234271444056,0
-0.3868323006974391,-1.1973791979078836,1.2583148145219465,1
-6.341559790861608,-8.160637055774048,10.334959009940254,0
-0.6411609186732922,1.8019708036435755,1.9126385180733587,0
5.291763175127269,4.576514161550809,6.996230368742022,0
-4.214967688573032,10.565436439939402,11.375165923278397,1
3.1651923985767847,1.8659810151044423,3.6742792584040838,1
-7.692544321868901,-6.596604525188941,10.133628639616743,0
-5.301913833821496,10.177642621362521,11.475831108440152,1
0.11575024618303592,1.4887071091566195,1.4932002465660432,0
0.12057858220228283,-1.639770700023221,1.644198024308677,1
-6.238997990207775,-2.2346556183328703,6.627124689815585,1
-5.122919328929368,10.250151532691001,11.45905357757986,1
-0.0502688505025272,-0.002532300350908709,0.05033259258087786,1
-4.014707761305443,7.32745944321513,8.355210368425725,0
0.1814188380696669,0.0338667351155761,0.18455283946321882,0
6.216327468865035,2.344932732027912,6.643902220675878,0
0.24970398048005335,-4.758271301531468,4.764818764323104,0
6.3531224425288935,-9.67745326343736,11.576496293601908,0
1.5938740496758559,-7.893911219233056,8.053214812940459,1
0.4364333766913666,10.94703130019693,10.955727651771081,1
6.18090132453049,-9.768498179868683,11.559718762741616,0
0.2091369343496085,-1.6815753787050232,1.6945306168895546,1
-2.373562774378005,1.2175531764672933,2.6676274067865267,0
1.8467200772698527,-1.5836219472721789,2.43274197474243,1
-3.457512743945803,-6.503366875744964,7.36533604766846,1
-1.6813417551539738,-3.97050732912245,4.311825431095204,0
4.43076637084083,-3.4580376359935374,5.620472838198028,0
-0.30048377348259914,11.018741403650411,11.022837775212253,1
-0.658918086829229,4.803725729978803,4.848706418624567,1
-6.116108759732345,6.103295540489742,8.6404283930507,0
1.170223420210232,4.289277248844409,4.446045677977544,1
-0.28832870445046765,-0.08982134335874735,0.3019955554852672,1
9.471952072616943,0.6765398382207876,9.496082466925623,1
-0.1814188380696669,-0.033866735115576106,0.18455283946321882,1
-5.489877556125497,2.1767932804886736,5.905690862823002,1
-6.776539197614828,5.521343445779912,8.741093578212455,0
0.34424654913521746,0.1331664958773069,0.36910567892643764,0
5.687398211746878,-1.8242404453735515,5.972800986264173,0
6.776539197614828,-5.521343445779913,8.741093578212455,1
4.775154975421736,-3.120516558054784,5.704360492499491,0
4.21838139646574,5.873184325247287,7.231115800786119,0
-0.6483470367024636,7.90924300386756,7.935772096918409,0
-3.1965507160512425,-1.7426807498876546,3.640724196683499,0
2.4434271910269216,-1.1515425699124036,2.701182468507112,1
-1.7882478568388964,-7.404109907988865,7.61699901057285,1
1.4332614122100358,4.137733475594154,4.378935554536374,1
-9.177257751211625,7.541651594754071,11.878491849087176,1
0.016361047280807266,1.5602245886038082,1.5603103700072136,0
1.6207750136219083,4.01371298892544,4.328602961955496,1
-3.276506635456005,4.25307227129557,5.368809875293639,1
7.3569198692171085,-9.068176786931346,11.677161478763663,0
2.279477849068335,3.440691759115221,4.127272591631985,1
-2.154690708090705,1.3952071529763448,2.566962221624771,0
9.000926878997877,-1.9553360563780269,9.210864442300648,1
-12.525760601879975,0.4204604866703963,12.532815552638588,1
-0.5191795019171582,-0.3982363039933551,0.6543237035514122,1
-9.278370335575863,-2.9331860095611044,9.73096789896972,0
8.452955558045677,-8.225583896925581,11.794604194785713,0
5.285998558071268,-6.685768773664256,8.522985677028652,1
-2.544420133006014,7.764378316539281,8.170657528962506,0
-9.368659205009733,0.4325601433501348,9.378639750903575,0
-0.5610736172375469,-0.6460188001743665,0.8556540738749236,1
-5.76750424413471,6.365975232054974,8.590095800469822,0
-3.8938045107373456,-9.880609630871376,10.620177034565229,0
-5.862062812644542,1.4549040496720058,6.0399111097053435,1
-10.78619974374182,5.475912764677664,12.096599750270979,1
-0.5255644353221338,-0.41732348502503513,0.6711012344117049,1
-0.7135565928049479,1.8106646400964923,1.946193579793944,0
12.27410426510649,-1.8675778863250794,12.41537283661654,0
-4.138880682563809,3.7026347561097346,5.553362714756857,1
-0.3041540658511788,-1.3072864152670802,1.3422024688234098,1
-0.8245365381713087,1.8183113743795727,1.9965261723748218,0
0.11540695716353835,-11.005455162624713,11.006060244351959,0
-3.5713788013819308,-10.037293511523428,10.653732096285815,0
6.164569983367064,-0.5704645237454593,6.190908887447977,0
-0.963730152109288,-4.391883621621293,4.496378270558423,0
-0.0691394300599093,-10.989065214851433,10.989282713491667,0
3.101631951576888,-0.11714053085752307,3.103843209154135,1
-0.4287207989020927,-1.129344732627922,1.2079822219410687,1
0.713556592804947,-1.8106646400964928,1.946193579793944,1
0.5531094675250371,0.5382316632412188,0.7717664195734606,0
8.463323551388337,-3.233162297826247,9.059866664558015,1
2.5077276623920763,3.171791878844656,4.043384937330521,1
1.0926144032051033,-1.8097121945267027,2.11396888839687,1
-0.3575078180552874,-0.145237776162599,0.3858832097867303,1
-12.566370614359172,7.69468277488716e-15,12.566370614359172,1
0.0669590559160663,0.00450038877412242,0.06711012344117048,0
1.9135642768517176,3.7889153858841236,4.244715307654033,1
9.094469983520144,-1.658284560978397,9.244419504021234,1
-1.3035516948661812,-4.215545803020912,4.412490616256959,0
9.166215003079026,3.4138456062535862,9.781300491550597,1
-6.693558305694362,9.4862832385237,11.610051355322494,1
3.041074436145908,6.781822937843634,7.432446171109631,0
1.9690469470491898,3.7414318067760983,4.22793777679374,1
-3.8343625834060973,3.923854109761652,5.4862525913156865,1
-0.16190736516512083,-1.450637815151604,1.459645184845458,1
8.867062707964745,4.362160539084039,9.881965676712353,1
1.92957019269354,-4.721284433234953,5.100369381528957,0
-4.798284418067335,-5.251743653324007,7.113673084764071,1
2.6953130246315555,-4.506899681680043,5.251367159271591,0
-2.002519251665886,1.496388037743035,2.4998520981836005,0
-9.427623625210693,-1.9653608169865993,9.630302713807964,0
0.5606203371694497,0.6240342073734345,0.838876543014631,0
-1.6064474997797453,11.023845783293003,11.1402804912343,1
11.284811996006027,-4.5844619780020395,12.180487404572443,0
-0.246922451910062,-1.3704682411435027,1.3925350614042875,1
-6.046178588629219,0.9719237503286268,6.123798764006806,1
-0.2480182225865601,7.881538120051944,7.885439504337532,0
3.1291271880721894,1.989120003006807,3.707834320124669,1
-0.4364333766913653,-10.94703130019693,10.955727651771081,0
6.136618273716532,2.674826330382415,6.694234813256756,0
-5.6488377164182,6.449218449206986,8.57331826960953,0
3.276506635456006,-4.25307227129557,5.368809875293639,0
0.3027135053126134,0.09990402534244612,0.3187730863455598,0
5.301913833821497,-10.177642621362521,11.475831108440152,0
0.4888480866773628,0.3253418768276978,0.5872135801102417,0
2.117052448522566,-1.4218055025966552,2.5501846907644783,1
-0.3556824575165906,-1.241941128458935,1.2918698762425318,1
8.542283991607539,5.132992969214429,9.965853331013816,1
5.838243139326457,3.541569645573383,6.828455060139096,0
2.733563014084072,-0.8139812068646697,2.8521802462497456,1
-8.243885485055614,3.634564114636898,9.009534071977138,0
-0.13301306691724962,-0.017961032888557223,0.13422024688234097,1
-2.610954143799253,4.536942476696023,5.234589628411298,1
-2.3273811257863897,-3.3881361749436447,4.110495060771692,0
-6.319566098728789,-0.2652223402204105,6.325129134330318,1
-0.4801163933676936,-0.3080349575997641,0.5704360492499491,1
-2.814986374463713,7.7061635036317915,8.204212590683092,0
-2.1920284418908356,1.3677435499804829,2.5837397524850636,0
3.2627206601896668,1.3735616835904403,3.540059011521743,1
0.2706901034636469,-1.706753344951844,1.72808567861014,1
-5.115504667915917,-9.15351854456434,10.485956787682888,0
5.4799152239207976,-10.102008833631274,11.492608639300444,0
-9.475879699583844,-1.1583369144542086,9.5464150595065,0
-3.8467567225388954,10.669329859583868,11.341610861557811,1
0.2736953107235973,0.08025084709139275,0.28521802462497453,0
-1.131732990400352,1.805342278244405,2.130746419257163,0
2.9258198899035404,-0.5081717326817182,2.969622962271794,1
2.908105125010371,2.536436425660888,3.8588320978673027,1
-10.567024213568693,5.818508952284668,12.063044688550395,1
-3.1843385491088534,-0.14702402010112045,3.187730863455598,0
-6.334284539218686,-1.5721046536733572,6.52645950465383,1
2.46434563291787,3.2267506674089255,4.060162468190814,1
-9.845941452176012,6.79381780028098,11.962379503388638,1
4.404652960882385,-7.159063120514981,8.405542961006603,1
-7.491630966313826,-6.873651859187164,10.167183701337327,0
-2.997642084226875,0.36643347030186013,3.0199555548526718,0
1.6729187795111677,-4.764893947076669,5.050036788948079,0
-3.751493602049212,7.428071270349903,8.32165530670514,0
9.455786057780351,0.3571203211007661,9.462527405205037,1
4.913743711206595,-6.902244057549691,8.472653084447774,1
2.544420133006013,-7.764378316539281,8.170657528962506,1
-6.341957604768089,5.9175639171005345,8.673983454771285,0
-3.194678132943084,4.293982049654608,5.352032344433346,1
-1.0520813645576588,7.916501305121663,7.986104689499287,0
-2.3020537217519204,1.2801897442212697,2.6340723450659413,0
-2.824535314962587,-6.911090699965636,7.466001232830216,1
0.2588264836606287,0.07119796379462359,0.26844049376468193,0
-3.4387059753842184,4.1666351085183315,5.402364937014224,1
-8.84256683138507,2.3925625597294022,9.16053184971977,0
0.48603874541564024,-11.028910755102972,11.039615306072545,0
1.0520813645576579,-7.916501305121663,7.986104689499287,1
0.8932335820058435,4.423879412445191,4.513155801418715,1
9.477293814476472,0.9974434226903501,9.529637528646209,1
3.275619670815116,1.2513535560105262,3.5065039498011576,1
-0.6720193064921608,11.035950915815164,11.056392836932837,1
0.16924250881303862,-4.745023975479336,4.7480412334628115,0
-0.5558279756321826,-0.5593360557574482,0.7885439504337531,1
-3.0427874895303413,-2.2342000460044416,3.7749444435658397,0
0.3953672548876713,0.18430670090315035,0.43621580236760815,0
3.6570094898726695,6.354627763833853,7.3317809859478755,0
-9.036660094999888,7.68368667337921,11.861714318226882,1
-2.9374218143349355,-2.476476606093561,3.8420545670070103,0
0.5049528347396062,0.36107664195974437,0.6207686418308269,0
12.566370614359172,-6.155746219909727e-15,12.566370614359172,0
-1.1619672197521513,4.811040578979547,4.949371603786323,1
-0.11551048010923352,7.867814091717702,7.868661973477239,0
7.4759237796475855,-4.752286704016262,8.858536294234504,1
-10.89163505215813,5.301527614341704,12.113377281131273,1
5.83272066624134,-9.94141938016579,11.52616370102103,0
4.670813290332013,9.444410892772341,10.536289380263765,1
-2.9084472355114888,-10.318788328991259,10.720842219726984,0
-1.9813295538807403,10.996769260259914,11.173835552954886,1
-0.016466892122619575,-7.851867175498695,7.851884442616947,1
-5.79220203522686,-3.6479589920932547,6.845232590999389,1
4.275376531720598,-7.217516259353392,8.38876543014631,1
-6.180901324530489,9.768498179868683,11.559718762741616,1
-0.5606203371694497,-0.6240342073734344,0.838876543014631,1
-2.4087097339123242,1.1849672092588237,2.6844049376468195,0
3.2865660349376675,1.0693942904579068,3.45617135722028,1
-3.754493542298267,-6.277981665215651,7.315003455087583,1
-0.4413904216647283,-1.10641001067212,1.191204691080776,1
6.670128137354439,-5.623440328247386,8.724316047352163,1
1.1317329904003506,-1.8053422782444057,2.130746419257163,1
2.5115005299931026,-1.0821988944183272,2.7347375302276973,1
-2.117052448522566,1.421805502596655,2.5501846907644783,0
5.402371215847462,8.948021406270914,10.452401725962302,1
-5.408044881629309,6.609130518086075,8.539763207888944,0
-6.35937930335069,-1.1320288444590372,6.459349381212659,1
9.464836572490169,1.480775533177213,9.579970121227086,1
-0.27069010346364747,1.706753344951844,1.72808567861014,0
-9.029075525005881,-3.890604614289195,9.831633084131475,0
9.339236443246007,2.611221628508386,9.697412837249134,1
-6.278504205664389,-2.013838469190467,6.593569628095,1
0.560225219926016,0.690536450728967,0.8892091355955088,0
-2.0791321420485174,1.4475363117222781,2.533407159904186,0
6.003014564077877,3.111205794620405,6.761344936697927,0
-8.60198313297019,8.094110479170688,11.811381725646005,1
-3.2840273980388357,-1.1298398241124092,3.4729488880805723,0
-2.1687922453300774,10.978440753961902,11.190613083815178,1
-6.2357522247403425,0.2617048025517094,6.2412414800288545,1
0.13301306691724962,0.01796103288855726,0.13422024688234097,0
1.2373319654265718,4.252931450940764,4.429268147117252,1
8.612672762781491,4.980559924189483,9.949075800153524,1
-2.441523805519812,4.592354741414441,5.201034566690712,1
2.0266723875801587,7.307613916922826,7.583443948852264,0
-1.9135642768517171,-3.7889153858841236,4.244715307654033,0
1.885945626293971,-1.5631234445784663,2.449519505602723,1
9.343339378391422,-0.5886199854523528,9.361862220043282,1
1.249974504742714,-1.7873638111401973,2.1810790118380408,1
-4.031166400787734,10.618977555404213,11.358388392418105,1
-5.402371215847461,-8.948021406270914,10.452401725962302,0
5.093650027785988,-2.7492809975301697,5.788248146800954,0
8.166513062300956,-3.765333266932382,8.992756541116846,1
-1.3688666834652499,-4.177139874606347,4.395713085396666,0
-2.040948258576284,1.4723976689726304,2.516629629043893,0
-0.5144744571690326,7.902264926600387,7.918994566058117,0
-2.73920223791641,-10.382352768423722,10.737619750587278,0
-11.926790155658743,3.0665454706690203,12.314707651454784,1
-0.8583726121438675,11.039850472397402,11.07317036779313,1
-9.048916841393469,1.8073406935017058,9.227641973160942,0
2.950509474436515,-0.46160778442302125,2.9864004931320864,1
-2.6798144412202913,7.736451862413591,8.187435059822798,0
7.491630966313827,6.873651859187163,10.167183701337327,1
-5.020653437206863,-4.968281188900003,7.063340492183193,1
-1.885945626293971,1.563123444578466,2.449519505602723,0
6.039342365696671,3.002587764210854,6.744567405837634,0
3.288354059595547,0.9492259398907824,3.4226162954996946,1
0.06913943005991065,10.989065214851433,10.989282713491667,1
0.6720193064921621,-11.035950915815164,11.056392836932837,0
0.6671072642109324,7.739298547111145,7.767996788315483,0
-3.1199345076512506,0.06544059118880806,3.1206207400144272,0
-6.191708493698361,-2.455076512369323,6.66067975153617,1
0.7825981829621003,-7.9139488036193155,7.952549627778702,1
-7.280761130053414,-7.144619561548089,10.200738763057913,0
-1.7678271092126672,1.622000356210834,2.3991869130218446,0
-0.01677516959949993,-0.00028147233626888785,0.01677753086029262,1
2.877599838001696,2.5961065399206293,3.875609628727595,1
-3.261050993863084,-0.5382553352282435,3.3051735794776462,0
1.3692004093905734,-1.7619557279512155,2.2314116044189185,1
-0.1472278385141518,-4.678615181903175,4.680931110021641,0
0.9931296145405067,-4.814451769824864,4.915816542065738,0
6.590302524301112,7.917501875123628,10.301403948219669,1
6.106145096093123,2.784363257254573,6.711012344117048,0
-0.9380405905448395,1.8192610187013465,2.0468587649556995,0
-1.4228125984923716,-7.534160751025379,7.667331603153728,1
-3.28581551635575,-0.8301520576256942,3.3890612337791093,0
-0.20564463476096242,-1.4111850776805803,1.4260901231248728,1
-2.2794778490683347,-3.4406917591152215,4.127272591631985,0
-3.104137811053883,10.838758939277978,11.274500738116641,1
-0.48603874541563885,11.028910755102972,11.039615306072545,1
-6.0030145640778745,-3.11120579462041,6.761344936697927,1
6.36091117269485,1.0225170414416256,6.442571850352366,0
9.455191960592233,1.6422272943160543,9.596747652087378,1
0.30219145731160374,-1.7184958373215071,1.7448632094704326,1
-3.165192398576785,-1.8659810151044414,3.6742792584040838,0
-2.5686418936064856,-10.443138403258695,10.75439728144757,0
0.01677516959949993,0.00028147233626889305,0.01677753086029262,0
-0.5701645914745366,1.7904935002862645,1.8790834563527734,0
7.679007545721714,-8.84159063768055,11.710716540484249,0
-4.762169802321113,10.38574769141651,11.425498515859275,1
3.2829472498857544,0.7710737496760015,3.372283702918817,1
9.475981348745094,0.8368290241803156,9.512859997785917,1
8.53214542678146,-3.0964438096747493,9.076644195418307,1
7.789213785310034,6.455913952608317,10.11685110875645,1
3.2521354318702627,6.6458411643200055,7.398891109389046,0
-6.355958744185217,-1.2417762372871446,6.476126912072951,1
5.038807450979245,-6.8323386657926966,8.489430615308066,1
1.4191366955184523,-11.032604821567855,11.123502960374008,0
5.542818267945031,8.841912575338737,10.43562419510201,1
5.162905933427103,-6.760175985026141,8.506208146168358,1
9.243765287716293,3.0937589224733135,9.747745429830013,1
3.029707123145011,-4.371164073184177,5.31847728271276,0
-1.3417894401836334,-10.788721241592622,10.871839997469618,0
9.315629616084818,-7.397058772068749,11.895269379947468,0
7.836704981286915,-4.2723786126278,8.925646417675674,1
3.109321793787608,2.0505734376449523,3.724611850984962,1
-4.820913526816512,-9.34980867807987,10.519511849403473,0
-4.052608599406148,-9.79838989707949,10.603399503704937,0
9.284933327570577,-0.8985140747832774,9.328307158322698,1
4.014707761305442,-7.32745944321513,8.355210368425725,1
-9.585511329851888,7.100339788025517,11.928824441668054,1
4.787755458760569,-6.969880131312644,8.45587555358748,1
3.893804510737347,9.880609630871376,10.620177034565229,1
-0.5498426718517881,-0.5173792209697169,0.7549888887131679,1
-1.8741681727498567,-10.6579789910805,10.82150740488874,0
1.3688666834652503,4.177139874606347,4.395713085396666,1
-9.284933327570577,0.8985140747832763,9.328307158322698,0
4.762169802321114,-10.38574769141651,11.425498515859275,0
-9.36549847373556,-2.4499261772059775,9.680635306388842,0
-5.820615822042643,1.5487315974040292,6.023133578845051,1
6.229714497352101,-6.011478328205186,8.657205923910992,1
-4.037618217223815,-6.0392948158287725,7.264670862506705,1
-7.086313975617325,5.203203662694792,8.791426170793333,0
-2.3565091846594424,4.617725140821279,5.18425703583042,1
-8.463323551388337,3.233162297826246,9.059866664558015,0
-2.9334764602130923,-6.847309662879733,7.449223701969924,1
12.547826860425946,-0.21054130752913022,12.54959308349888,0
3.407841307126284,10.111695868075818,10.670509627146107,1
-2.1373137184217024,7.834000711096961,8.120324936381628,0
-0.036765787666084515,1.5934413360127617,1.593865431727799,0
0.8219337766038118,4.454741391121396,4.529933332279008,1
-9.443672730148679,-0.19808092924353807,9.445749874344745,0
6.001179110678695,-6.192996324438682,8.623650862190408,1
12.36317379831089,-1.4586772949338365,12.448927898337125,0
0.6054812385302976,-1.7965748947996347,1.895860987213066,1
1.6884659857525177,-1.6568936812142783,2.3656318513012593,1
-0.5762336640199663,4.7974463562254686,4.831928887764275,1
-3.286566034937667,-1.0693942904579086,3.45617135722028,0
6.295346666474307,1.9033666591489224,6.576792097234708,0
-0.5460353319968764,-0.49679112821592025,0.7382113578528753,1
0.8621100880851187,-1.819383960982974,2.0133037032351147,1
6.191708493698361,2.455076512369324,6.66067975153617,0
-0.2588264836606287,-0.07119796379462359,0.26844049376468193,1
4.9691564288903995,9.252832677138494,10.502734318543181,1
3.0844981848385946,-7.638500300629425,8.237767652403678,1
0.2248900886791374,4.658728695472351,4.664153579161349,1
-2.396811879041479,-10.501118971508749,10.771174812307862,0
-6.829895215280547,-7.666893249828667,10.267848886499085,0
3.2697351914488766,1.3123811069093914,3.5232814806614505,1
11.190875742962625,-4.76656459071029,12.16370987371215,0
5.1229193289293695,-10.250151532691,11.45905357757986,0
-0.12057858220228267,1.639770700023221,1.644198024308677,0
-0.5589116365219676,-0.7130425109038252,0.9059866664558015,1
5.8823489303938645,3.434664732397611,6.811677529278804,0
-4.533169037144161,7.098299863234752,8.422320491866895,0
-3.357858824755804,4.210621785714481,5.385587406153931,1
-2.100606721130132,4.6845097493908625,5.133924443249542,1
2.974455567024835,-0.41435772417772115,3.0031780239923793,1
-0.43008543372656294,-0.22749914356582135,0.486548394948486,1
-3.279026185427278,-0.7123264321960004,3.355506172058524,0
-1.4090831344053032,1.7518102375320266,2.2481891352792114,0
-1.6729187795111673,4.76489394707667,5.050036788948079,1
0.5255644353221337,0.41732348502503525,0.6711012344117049,0
1.0334055904857087,4.35877226666603,4.47960073969813,1
-2.9081051250103718,-2.536436425660887,3.8588320978673027,0
6.3309757321537585,0.37219138741952895,6.341906665190611,0
0.576233664019967,-4.7974463562254686,4.831928887764275,0
5.2267435810020295,4.67583482795731,7.013007899602315,0
6.310254199912898,1.792897945652826,6.560014566374415,0
-8.680355434886225,-4.827212283942614,9.93229826929323,0
-5.58879242683706,-4.067662843895524,6.91234271444056,1
-4.501554883256113,3.3933162771072807,5.637250369058321,1
-1.5202505176013994,-10.748079806073418,10.855062466609326,0
-6.039342365696671,-3.002587764210853,6.744567405837634,1
6.213829402557877,8.279297890887396,10.351736540800546,1
-6.67012813735444,5.623440328247385,8.724316047352163,0
0.5119920793152287,0.9438373216823376,1.0737619750587277,0
0.2284357156186191,0.05466525419634793,0.23488543204409668,0
-4.306305947227348,-5.788126273829101,7.214338269925827,1
-2.7793963696398882,4.475299352735788,5.268144690131883,1
-3.2187554223181163,7.601126871316129,8.25454518326397,0
6.3405702913657285,0.47961764496089415,6.358684196050903,0
-3.137370673032305,0.013159410492330192,3.13739827087472,0
-0.21294062275547626,-0.04719478508600279,0.21810790118380408,1
-3.2104740378751173,-1.6810252493228564,3.623946665823206,0
-0.5314513669486958,-0.43673406127813125,0.6878787652719974,1
-3.756470526550106,3.975435400066754,5.4694750604553946,1
1.1710099912684493,-1.800165191497032,2.1475239501174554,1
4.5714151646701175,-3.3271902388174577,5.6540278999186135,0
10.567024213568695,-5.818508952284668,12.063044688550395,0
1.161967219752152,-4.811040578979547,4.949371603786323,0
1.1022423866125097,4.324563875640688,4.462823208837837,1
7.186297652163079,-5.093287592934457,8.808203701653627,1
1.6674440372124522,7.449441231884415,7.633776541433142,0
-12.500187491628429,0.6296986872593082,12.516038021778295,1
-0.50383684093333,-0.9671736409189527,1.0905395059190204,1
-0.8932335820058429,-4.423879412445191,4.513155801418715,0
2.32738112578639,3.3881361749436447,4.110495060771692,1
-3.2829472498857544,-0.771073749676002,3.372283702918817,0
-2.443427191026922,1.1515425699124022,2.701182468507112,0
11.548696653733586,-4.027476058626321,12.23081999715332,0
6.073719604482171,2.8936286506697044,6.727789874977341,0
8.301941253059416,-8.354338534930392,11.77782666392542,0
-6.3405702913657285,-0.4796176449608877,6.358684196050903,1
-9.465216534983341,-0.5166217347252413,9.479304936065331,0
-1.4191366955184508,11.032604821567856,11.123502960374008,1
0.7498490137480345,4.484451597416347,4.5467108631393005,1
0.4540390301995341,4.591425993660995,4.613820986580471,1
-1.045045554718554,11.040598905105213,11.089947898653422,1
-5.591405793755827,2.0027040225059185,5.939245924543588,1
-3.2880053886966953,-1.0091830640199468,3.439393826359987,0
0.48011639336769346,0.30803495759976424,0.5704360492499491,0
-0.3830804590436229,-0.17081517937224336,0.4194382715073155,1
-5.285998558071268,6.685768773664255,8.522985677028652,0
-11.190875742962625,4.766564590710292,12.16370987371215,1
2.739202237916411,10.382352768423722,10.737619750587278,1
0.06721812436599253,1.5252748916631769,1.5267553082866285,0
6.7112566923817045,7.793110685317395,10.284626417359377,1
1.9249995558853648,-1.541751530535125,2.4662970364630152,1
-9.455786057780351,-0.3571203211007672,9.462527405205037,0
5.951801680274929,8.510601531506012,10.385291602521132,1
-0.3953672548876714,-0.1843067009031503,0.43621580236760815,1
-2.507727662392076,-3.1717918788446564,4.043384937330521,0
0.21294062275547623,0.04719478508600286,0.21810790118380408,0
2.863175595721824,-4.442142319872231,5.284922220992176,0
-8.063835912748537,-6.025723641918257,10.066518516175572,0
6.3506411736891994,1.3517265951758604,6.492904442933244,0
8.897728155676212,-2.2479860174319635,9.177309380580063,1
-2.609934289041369,0.9720383715919318,2.785070122808575,0
-0.09177805399741305,-1.5071860127820405,1.5099777774263359,1
0.31683667088432343,0.11049317033268363,0.33555061720585244,0
-1.6977262799758797,-10.70449185280477,10.838284935749034,0
-5.964738003552286,-3.219447892759969,6.778122467558219,1
-0.2857064907785237,-1.3286077075899179,1.3589799996837022,1
6.341957604768087,-5.917563917100535,8.673983454771285,1
-9.428889402375162,-0.0395486026560977,9.428972343484453,0
-9.451729393876464,7.249942970135445,11.91204691080776,1
5.656868961950354,-10.023263119424232,11.509386170160738,0
3.2840273980388357,1.1298398241124088,3.4729488880805723,1
-3.169586671454478,-0.0930879671890821,3.1709533325953054,0
3.0427874895303417,2.2342000460044416,3.7749444435658397,1
7.837472313628898,-8.723998219080622,11.727494071344541,0
-5.529004631030532,6.530275430938442,8.556540738749236,0
-4.213106412811157,3.643651562673549,5.57014024561715,1
-0.7825981829621083,7.913948803619315,7.952549627778702,0
0.366591583958596,-1.7402247434963036,1.7784182711910177,1
12.525760601879975,-0.4204604866703948,12.532815552638588,0
-1.9690469470491894,-3.7414318067760988,4.22793777679374,0
0.3306852820454244,0.12158276258687961,0.35232814806614504,0
8.97782752608484,4.04843235751271,9.848410614991769,1
1.174366948353569,7.610815836416864,7.700886664874313,0
-3.9448197096611834,-6.120284974046183,7.281448393366998,1
-0.37831666412237,-4.615118539254643,4.630598517440763,0
3.288005388696695,1.009183064019948,3.439393826359987,1
-0.4088463060676839,-7.790831532437088,7.801551850036069,1
6.359379303350689,1.1320288444590378,6.459349381212659,0
-0.5569976745412726,-0.7356951504556967,0.9227641973160942,1
-5.832720666241339,9.941419380165792,11.52616370102103,1
4.969570648091369,-2.901699515301428,5.754693085080369,0
-0.3027135053126134,-0.09990402534244609,0.3187730863455598,1
9.206379646106242,3.2539948465860946,9.764522960690305,1
-1.2499745047427149,1.7873638111401968,2.1810790118380408,0
0.8999496944747973,-1.8197033726519962,2.030081234095407,1
-6.256037380874362,0.1574745368389279,6.258019010889147,1
1.6977262799758808,10.70449185280477,10.838284935749034,1
0.16190736516512097,1.450637815151604,1.459645184845458,0
-11.784998085274895,3.4555070629940943,12.281152589734198,1
4.063865280854677,-3.760156177289302,5.536585183896565,0
2.6798144412202904,-7.736451862413592,8.187435059822798,1
0.27868201097836426,7.813361033828165,7.818329380896361,0
-0.8999496944747977,1.819703372651996,2.030081234095407,0
-1.0774253778911158,4.813485103679162,4.9325940729260305,1
-5.093650027785985,2.7492809975301746,5.788248146800954,1
-6.348337652247927,-0.5874702412554828,6.375461726911196,1
8.725243568053665,-2.6780272528139166,9.126976787999185,1
0.5006716680849187,-1.7763172397324547,1.8455283946321883,1
-9.315629616084818,7.397058772068751,11.895269379947468,1
-6.306354035412225,-0.15874108807355272,6.308351603470025,1
